,Date,Time,Magnitude
7568,2019-07-14,12:52:11.0,3.75
7569,2019-07-14,12:48:07.5,3.81
7570,2019-07-14,12:45:50.6,3.66
7571,2019-07-14,12:44:07.4,3.74
7572,2019-07-14,12:35:37.4,4.98
7573,2019-07-14,12:25:56.9,4.66
7574,2019-07-14,12:22:59.1,4.95
7575,2019-07-14,12:14:46.5,3.73
7576,2019-07-14,12:11:29.9,4.27
7577,2019-07-14,12:05:48.0,4.77
7578,2019-07-14,11:52:29.3,5.18
7579,2019-07-14,11:51:33.3,4.63
7580,2019-07-14,11:44:55.0,3.81
7581,2019-07-14,11:38:50.0,4.56
7582,2019-07-14,11:37:47.5,4.08
7583,2019-07-14,11:33:51.4,4.68
7584,2019-07-14,11:24:09.4,4.19
7585,2019-07-14,11:17:35.9,4.48
7586,2019-07-14,11:13:23.5,4.86
7587,2019-07-14,11:08:34.9,4.89
7588,2019-07-14,10:58:00.1,4.84
7589,2019-07-14,10:54:07.4,4.89
7590,2019-07-14,10:48:49.9,4.30
7591,2019-07-14,10:48:01.9,4.67
7592,2019-07-14,10:44:27.3,4.57
7593,2019-07-14,10:38:42.7,4.60
7594,2019-07-14,10:36:11.0,4.18
7595,2019-07-14,10:27:01.2,5.72
7596,2019-07-14,10:23:38.8,4.60
7597,2019-07-14,10:13:50.1,4.55
7598,2019-07-14,10:05:21.9,5.59
7599,2019-07-14,10:04:56.3,5.82
7600,2019-07-14,10:01:18.1,4.50
7601,2019-07-14,09:54:49.1,4.99
7602,2019-07-14,09:48:07.0,4.90
7603,2019-07-14,09:43:50.3,5.82
7604,2019-07-14,09:38:25.3,5.49
7605,2019-07-14,09:37:06.2,4.89
7606,2019-07-14,09:35:11.3,4.83
7607,2019-07-14,09:28:41.0,5.37
7608,2019-07-14,09:22:38.7,5.49
7609,2019-07-14,09:10:52.9,7.03
7610,2019-07-14,08:57:11.4,3.72
7611,2019-07-14,08:35:16.7,4.26
7612,2019-07-14,08:13:02.6,4.89
7613,2019-07-14,07:26:37.7,4.98
7614,2019-07-14,06:05:36.1,4.39
7615,2019-07-14,05:39:24.4,7.70
7616,2019-07-14,05:34:15.7,3.78
7617,2019-07-14,05:19:21.0,5.24
7618,2019-07-14,05:08:47.8,3.47
7619,2019-07-14,02:19:45.7,2.56
